Score,Word
69,blocked
68,block
67,access
66,sorry
65,you
64,page
63,web
62,site
61,website
60,wrong
59,not
58,by
57,been
56,internet
55,error
54,this
53,is
52,has
51,your
50,content
49,for
48,are
47,server
46,forbidden
45,request
44,please
43,found
42,blockpage
41,denied
40,have
39,that
38,restricted
37,requested
36,domain
35,welcome
34,unavailable
33,service
32,filter
31,default
30,trying
29,policy
28,deny
27,court
26,message
25,nginx
24,security
23,resource
22,location
21,information
20,contact
19,because
18,warning
17,system
16,order
15,blocking
14,temporarily
13,prohibited
12,network
11,filtering
10,disabled
9,administrator
8,stop
7,moved
6,federal
5,document
4,blacklist
3,apache
2,permission
1,illegal
