Domain,IP Address
google.com,93.46.8.90
amazonaws.com,207.171.166.22
microsoft.com,20.231.239.246
facebook.com,104.244.46.244
akamai.net,N/A
apple.com,17.253.144.10
root-servers.net,N/A
a-msedge.net,N/A
youtube.com,31.13.94.37
azure.com,20.236.44.162
googleapis.com,googleapis.com
akamaiedge.net,N/A
twitter.com,199.59.149.244
cloudflare.com,104.16.132.229
instagram.com,69.171.224.36
gstatic.com,142.250.69.195
office.com,13.107.6.156
linkedin.com,52.130.75.155
live.com,live.com
tiktokcdn.com,104.244.46.93
gtld-servers.net,N/A
googletagmanager.com,googletagmanager.com
googlevideo.com,31.13.67.41
akadns.net,N/A
windowsupdate.com,N/A
trafficmanager.net,N/A
googleusercontent.com,172.217.14.225
fbcdn.net,157.240.22.35
doubleclick.net,172.217.14.238
microsoftonline.com,N/A
amazon.com,205.251.242.103
wikipedia.org,wikipedia.org
bing.com,13.107.21.200
fastly.net,151.101.129.6
l-msedge.net,N/A
apple-dns.net,N/A
office.net,N/A
googlesyndication.com,142.250.217.68
wordpress.org,198.143.164.252
icloud.com,17.253.144.10
sharepoint.com,13.107.136.10
t-msedge.net,N/A
youtu.be,answer:
github.com,20.205.243.166
mail.ru,217.69.139.202
netflix.com,54.246.79.9
aaplimg.com,N/A
whatsapp.net,67.15.100.252
yahoo.com,98.137.11.163
domaincontrol.com,127.0.0.1
pinterest.com,128.242.245.125
digicert.com,45.60.131.229
s-msedge.net,N/A
appsflyersdk.com,3.164.143.5
adobe.com,23.48.201.42
cloudfront.net,N/A
goo.gl,goo.gl
windows.net,20.112.250.133
gvt2.com,N/A
spotify.com,35.186.224.24
vimeo.com,199.16.158.9
tiktokv.com,tiktokv.com
google-analytics.com,172.217.14.228
cdn77.org,N/A
gvt1.com,N/A
whatsapp.com,157.240.22.53
skype.com,20.236.44.162
wac-msedge.net,N/A
zoom.us,170.114.52.2
bit.ly,67.199.248.10
msn.com,204.79.197.219
yandex.net,213.180.204.242
gandi.net,217.70.185.65
wordpress.com,192.0.78.17
ntp.org,ntp.org
cloudflare.net,104.16.208.90
office365.com,40.71.11.169
nic.ru,31.177.80.4
roblox.com,128.116.116.4
bytefcdn-oversea.com,N/A
qq.com,157.255.219.143
ytimg.com,N/A
edgekey.net,N/A
tiktok.com,157.240.1.50
blogspot.com,31.13.75.12
e2ro.com,N/A
mozilla.org,35.190.14.201
cloudflare-dns.com,cloudflare-dns.com
opera.com,185.26.182.103
reddit.com,124.11.210.175
unity3d.com,104.75.227.18
cdninstagram.com,108.160.165.11
googleadservices.com,googleadservices.com
baidu.com,answer:
lencr.org,52.9.166.110
intuit.com,184.27.21.58
comcast.net,96.99.227.0
snapchat.com,34.149.46.130
ax-msedge.net,N/A
googledomains.com,216.239.32.29
trbcdn.net,151.236.80.22
europa.eu,europa.eu
x.com,104.244.42.129
mts.ru,178.248.237.216
amazon-adsystem.com,52.205.243.115
a2z.com,N/A
samsung.com,211.45.27.231
t.me,t.me
app-analytics-services.com,114.250.64.33
macromedia.com,192.150.16.118
rocket-cdn.com,N/A
outlook.com,52.96.229.242
wa.me,wa.me
nih.gov,156.40.212.210
dropbox.com,199.96.63.163
tumblr.com,157.240.7.5
app-measurement.com,N/A
sentry.io,35.186.247.156
msedge.net,204.79.197.197
gravatar.com,31.13.85.2
vk.com,87.240.132.78
bytefcdn-ttpeu.com,N/A
ui.com,18.65.207.76
github.io,185.199.111.153
dns.google,8.8.8.8
userapi.com,87.240.129.187
aiv-cdn.net,N/A
windows.com,20.231.239.246
rbxcdn.com,N/A
edgesuite.net,edgesuite.net
one.one,195.47.247.8
nytimes.com,74.86.3.208
spo-msedge.net,N/A
webex.com,144.196.130.69
msftncsi.com,N/A
xiaomi.com,124.251.34.141
ggpht.com,N/A
telecid.ru,89.108.82.15
forms.gle,199.36.158.100
epicgames.com,54.80.255.124
ttlivecdn.com,N/A
applovin.com,141.193.213.20
apache.org,151.101.2.132
archive.org,128.242.245.253
paypal.com,151.101.129.21
adnxs.com,N/A
dual-s-msedge.net,N/A
nist.gov,129.6.13.49
flickr.com,104.244.46.185
b-msedge.net,N/A
criteo.com,23.185.0.4
meraki.com,13.227.62.65
medium.com,medium.com
myfritz.net,212.42.244.100
pki.goog,216.239.32.29
mangosip.ru,81.88.86.11
casalemedia.com,casalemedia.com
forbes.com,74.86.12.173
qlivecdn.com,N/A
omtrdc.net,N/A
soundcloud.com,202.160.128.238
cnn.com,151.101.3.5
miit.gov.cn,out
aliyuncs.com,106.15.148.44
miui.com,123.125.102.188
t.co,162.159.140.229
dnsowl.com,N/A
azurewebsites.net,N/A
cdn-apple.com,N/A
vtwenty.com,N/A
registrar-servers.com,198.54.117.206
amazon.dev,N/A
taboola.com,151.101.66.132
android.com,142.250.217.68
tiktokcdn-us.com,31.13.76.99
theguardian.com,162.125.2.5
shifen.com,202.108.250.218
nflxso.net,N/A
gmail.com,142.251.33.101
2mdn.net,N/A
kaspersky.com,185.85.15.34
wildberries.ru,185.62.202.2
adobe.io,54.227.187.23
wsdvs.com,N/A
w3.org,104.18.22.19
nginx.org,52.58.199.22
demdex.net,N/A
ebay.com,173.222.162.14
akamaized.net,N/A
doubleverify.com,192.0.66.192
yandex.ru,77.88.55.88
bbc.co.uk,74.86.142.55
akamaihd.net,N/A
adriver.ru,195.209.108.82
nginx.com,159.60.134.0
jomodns.com,N/A
twitch.tv,199.16.156.75
creativecommons.org,104.20.6.134
3gppnetwork.org,N/A
elisa.fi,195.197.95.175
amazonvideo.com,3.166.216.46
bbc.com,69.197.153.180
ozon.ru,185.73.194.82
roku.com,roku.com
cisco.com,72.163.4.185
imdb.com,52.94.237.74
msftconnecttest.com,N/A
edgecdn.ru,193.17.93.93
sourceforge.net,172.64.150.145
salesforce.com,23.1.106.133
mit.edu,23.47.137.41
ivi.ru,80.67.43.33
b-cdn.net,143.244.50.212
sciencedirect.com,162.159.137.70
ubuntu.com,185.125.190.21
scorecardresearch.com,165.193.78.252
shopify.com,23.227.38.33
researchgate.net,researchgate.net
nr-data.net,N/A
ring.com,52.46.150.230
smartadserver.com,34.160.41.36
azureedge.net,N/A
hubspot.com,104.16.117.116
who.int,192.133.11.1
facebook.net,N/A
cedexis.net,N/A
youtube-nocookie.com,31.13.88.26
t-online.de,54.217.253.146
mzstatic.com,17.253.142.4
rubiconproject.com,69.194.143.123
booking.com,18.65.168.123
salesforceliveagent.com,13.113.196.52
launchdarkly.com,75.2.60.5
hp.com,15.72.80.135
ampproject.org,142.251.215.238
taobao.com,59.82.43.239
slack.com,52.196.128.139
linktr.ee,128.121.146.109
dzeninfra.ru,N/A
googleblog.com,142.251.211.225
canva.com,104.16.102.112
o365filtering.com,N/A
byteoversea.net,N/A
cmediahub.ru,N/A
wixsite.com,199.96.62.21
wikimedia.org,198.35.26.96
doi.org,104.26.5.132
go.com,76.223.18.1
sharethrough.com,75.2.70.75
alicdn.com,115.238.23.240
openx.net,35.244.159.8
crashlytics.com,216.239.32.29
cdngslb.com,cdngslb.com
appsflyer.com,44.198.238.160
tinyurl.com,0.0.0.0
issuu.com,199.59.148.206
washingtonpost.com,199.59.148.201
example.com,93.184.215.14
espn.com,13.225.183.101
mtgglobals.com,N/A
oracle.com,138.1.33.162
harvard.edu,192.0.66.20
reg.ru,194.67.72.31
discord.com,199.96.61.1
cdc.gov,198.246.102.49
my.com,N/A
3lift.com,13.227.62.75
drom.ru,185.65.149.115
adsrvr.org,50.19.109.86
online.net,online.net
weebly.com,74.115.51.6
netangels.ru,213.189.223.5
google.com.br,128.121.146.235
avast.com,23.13.191.93
opendns.com,146.112.62.105
vungle.com,141.193.213.10
media-amazon.com,N/A
rlcdn.com,N/A
reuters.com,23.101.24.70
stripe.com,54.64.207.232
godaddy.com,31.13.69.169
businessinsider.com,208.77.47.172
pubmatic.com,pubmatic.com
atomile.com,N/A
dailymail.co.uk,31.13.95.34
media.net,3.226.3.35
alibabadns.com,N/A
ttdns2.com,N/A
t-mobile.com,45.60.151.103
amazon.co.uk,178.236.7.220
tiktokv.us,4.78.139.54
www.gov.uk,www-gov-uk.map.fastly.net.
samsungqbe.com,N/A
f5.com,f5.com
wiley.com,63.97.118.67
slideshare.net,128.121.243.228
weibo.com,123.125.107.13
nease.net,59.111.129.134
googletagservices.com,N/A
ripn.net,194.226.65.229
steampowered.com,steampowered.com
wbx2.com,13.59.223.206
1c.ru,185.12.152.144
arubanetworks.com,18.208.237.48
bidswitch.net,34.160.122.192
samsungcloud.com,N/A
appcenter.ms,13.107.246.59
usatoday.com,151.101.42.62
jsdelivr.net,1.2.3.4
azurefd.net,azurefd.net
playstation.net,N/A
telekom.net,80.158.66.24
pangle.io,N/A
dell.com,143.166.30.172
adsafeprotected.com,18.244.214.97
bloomberg.com,128.242.240.244
telegraph.co.uk,65.9.66.21
openai.com,104.18.33.45
criteo.net,74.119.118.81
worldfcdn2.com,N/A
mozilla.com,35.190.14.201
nature.com,34.117.97.190
ibm.com,23.59.139.250
etsy.com,etsy.com
pages.dev,104.18.20.135
wsj.com,162.125.32.2
weather.com,184.85.112.183
quantserve.com,52.27.85.137
samsungcloudsolution.com,N/A
shalltry.com,52.222.214.119
grammarly.com,18.65.207.119
lijit.com,13.226.228.10
un.org,157.150.185.92
zendesk.com,162.159.138.6
notamedia.ru,5.188.83.102
dailymotion.com,103.252.115.169
eset.com,91.228.167.128
mi.com,124.251.34.141
allawnos.com,N/A
springer.com,34.117.97.190
dzen.ru,62.217.160.2
google.de,108.160.161.20
douyincdn.com,N/A
mcafee.com,100.20.214.93
wp.com,192.0.78.25
dnsmadeeasy.com,34.234.52.18
ibyteimg.com,N/A
inmobi.com,20.81.69.107
php.net,185.85.0.29
liadm.com,N/A
sc-cdn.net,N/A
adform.net,37.157.3.20
ea.com,23.13.184.254
dotomi.com,dotomi.com
quora.com,157.240.3.50
clarity.ms,13.89.188.82
force.com,184.25.179.132
forter.com,141.193.213.21
creativecdn.com,185.184.8.90
list-manage.com,205.201.132.96
yximgs.com,103.107.217.18
id5-sync.com,162.19.138.118
comfortel.pro,82.202.190.155
indeed.com,162.159.129.67
outbrain.com,192.82.210.254
pixabay.com,172.64.147.160
stackoverflow.com,172.64.155.249
nasa.gov,192.0.66.108
independent.co.uk,independent.co.uk
gosuslugi.ru,213.59.254.7
static.microsoft,N/A
stanford.edu,171.67.215.200
ksyuncdn.com,N/A
gnu.org,209.51.188.116
inner-active.mobi,62.219.50.32
elasticbeanstalk.com,52.217.231.133
pv-cdn.net,N/A
discord.gg,103.228.130.27
sohu.com,sohu.com
cnbc.com,50.234.250.31
unsplash.com,151.101.129.181
health.mil,N/A
tripadvisor.com,151.101.130.28
cpanel.net,208.74.123.84
globo.com,186.192.83.12
eventbrite.com,3.165.39.2
cdn20.com,N/A
mynetname.net,N/A
nstld.com,N/A
autodesk.com,23.21.189.113
chatgpt.com,116.89.243.8
tp-link.com,99.84.133.123
google.co.uk,31.13.69.245
consultant.ru,194.105.131.44
xcal.tv,N/A
aliexpress.com,59.82.118.164
checkpoint.com,3.167.212.129
amazonalexa.com,N/A
xboxlive.com,20.70.246.20
heytapdl.com,N/A
giphy.com,151.101.193.91
adobe.net,193.104.215.58
npr.org,npr.org
ok.ru,157.240.3.8
kaspersky-labs.com,127.0.0.1
sc-gw.com,N/A
yahoo.co.jp,yahoo.co.jp
bilibili.com,119.3.70.188
twimg.com,N/A
statista.com,18.64.123.29
rambler.ru,N/A
myshopify.com,23.227.38.32
indexww.com,172.64.149.180
isnssdk.com,N/A
goodreads.com,52.94.226.87
ttvnw.net,N/A
duckduckgo.com,108.160.170.41
foxnews.com,23.39.53.79
amazon.de,176.32.108.185
avcdn.net,N/A
sfx.ms,N/A
sophos.com,61.213.189.8
cloud.microsoft,20.70.246.20
walmart.com,104.99.48.176
nvidia.com,34.194.97.138
g.page,216.239.32.27
capcutapi.com,N/A
telegram.org,31.13.82.33
aliyun.com,140.205.60.46
teamviewer.com,52.223.21.92
imcmdb.net,85.10.250.72
vkuser.net,95.213.37.126
addtoany.com,104.22.71.197
dns-parking.com,N/A
tradingview.com,108.160.166.62
byteoversea.com,N/A
firetvcaptiveportal.com,35.153.239.149
naver.com,223.130.200.219
gamepass.com,20.70.246.20
branch.io,65.9.42.123
time.com,202.160.128.210
chinamobile.com,211.136.27.3
alibaba.com,203.119.204.130
verisign.com,209.131.162.75
hicloud.com,N/A
online-metrix.net,N/A
wired.com,wired.com
mikrotik.com,159.148.172.205
tiktokcdn-eu.com,N/A
entrust.net,72.140.233.41
blogger.com,128.121.243.228
temu.com,20.15.0.25
speedtest.net,151.101.130.219
kwai.net,180.186.38.200
ngenix.net,93.93.91.126
hichina.com,N/A
wix.com,199.15.163.133
duckdns.org,15.222.140.91
telegram.me,149.154.167.99
amzn.to,67.199.248.13
phicdn.net,N/A
uber.com,34.98.127.226
debian.org,151.101.2.132
name-services.com,N/A
behance.net,199.59.150.44
scribd.com,151.101.66.152
mayoclinic.org,129.176.1.88
duolingo.com,54.165.40.136
cnet.com,34.149.196.126
surveymonkey.com,3.166.244.72
ctdns.cn,N/A
beian.gov.cn,N/A
launchpad.net,185.125.189.223
vedcdnlb.com,N/A
grammarly.io,N/A
ys7.com,101.71.31.33
ups.com,153.2.228.130
mediatek.com,219.87.28.83
imgsmail.ru,217.69.139.70
trendmicro.com,150.70.232.194
icloud-content.com,17.253.142.4
ft.com,151.101.66.46
ovscdns.com,N/A
trustpilot.com,52.211.4.10
google.com.hk,31.13.68.169
huawei.com,121.37.49.12
safebrowsing.apple,N/A
indiatimes.com,157.240.7.8
dns.cn,218.241.99.89
blueapron.com,54.86.200.107
xvideos.com,199.193.116.105
ted.com,44.209.249.138
aol.com,13.248.158.7
delfi.lt,104.22.26.85
360yield.com,54.77.120.135
squarespace.com,198.185.159.176
onlinepbx.ru,185.209.112.38
goskope.com,N/A
accuweather.com,accuweather.com
disqus.com,108.160.166.62
4genderjustice.org,78.47.166.17
abpr2.railfan.net,64.200.84.11
addons.mozilla.org,13.225.183.50
adium.im,51.79.38.239
adultfriendfinder.com,69.165.107.69
advox.globalvoices.org,108.160.163.117
alt.com,69.165.107.22
amphetamines.com,104.21.48.8
anon.inf.tu-dresden.de,anon.inf.tu-dresden.de
anonymizer.secuser.com,95.128.72.24
anonymouse.org,answer:
archive.org,archive.org
archiveofourown.org,173.236.182.137
asiatimes.com,52.175.9.80
astalavista.box.sk,gg.box.sk
attrition.org,attrition.org
secure.avaaz.org,31.13.84.34
www.autistici.org,www.l.autistici.org
noblogs.org,noblogs.org
beeg.com,199.16.158.104
beyondexgay.com,84.32.84.214
bi.org,108.160.172.232
bitcoin.org,104.22.68.176
bitcoin.sipa.be,zps.sipa.be
www.bittornado.com,23.237.152.122
www.blackberry.com,d1hi0663sk09qf.cloudfront.net
blogmarks.net,172.67.163.64
www.blogger.com,199.59.150.43
www.blueskyswimwear.com,ext-cust.squarespace.com
www.bnaibrith.org,162.159.134.42
boingboing.net,104.22.40.69
bouncer.ooni.io,66.220.149.32
www.bravoporn.com,128.242.240.180
bridges.torproject.org,199.59.149.203
btggaming.com,104.21.83.121
btguard.com,btguard.com
weedmaps.com,weedmaps.com
www.care.org,23.185.0.2
carnegieendowment.org,13.249.160.50
www.cartercenter.org,waws-prod-blu-343.sip.azurewebsites.windows.net.
www.casino.com,159.203.128.199
www.ccc.de,195.54.164.39
ccrjustice.org,172.67.20.91
cdt.org,172.67.16.165
censorship.no,135.181.131.152
www.chinadaily.com.cn,www.chinadaily.com.cn.wswebcdn.com.
cites.org,104.22.47.86
citizenlab.ca,157.240.13.8
cocaine.org,104.21.16.125
www.common-fund.org,199.223.115.240
company.wizards.com,e10553.dsca.akamaiedge.net.
www.craigslist.org,www.g.craigslist.org
creativecommons.org,104.20.5.134
cryptome.org,209.17.116.160
cultdeadcow.com,72.52.110.136
cyber.harvard.edu,128.103.64.74
dashjr.org,192.3.11.24
www.ddo.com,64.37.171.74
debate.org.uk,148.163.69.168
defcon.org,50.230.231.78
www.dextroverse.org,www.dextroverse.org
www.dictionary.com,dualstack.dictionary.map.fastly.net
digg.com,157.240.15.8
docs.google.com,31.13.88.26
download.cnet.com/Freegate/3000-2085_4-10415391.htm,N/A
drugs-forum.com,104.22.47.110
duckduckgo.com,108.160.169.54
ebuddy.com,18.160.10.66
www.emailaddresses.com,64.64.96.30
emchurch.org,172.233.223.18
epic.org,172.67.70.29
evernote.com,34.128.169.110
www.exitinternational.net,exitinternational.net.
explorer.ooni.org,31.13.88.169
www.fanfiction.net,www.fanfiction.net.cdn.cloudflare.net
forum.grasscity.com,104.18.24.3
fosfeminista.org,45.60.32.222
foursquare.com,151.101.130.132
freedns.afraid.org,69.42.215.252
freedomhouse.org,104.244.43.104
freemuse.org,15.197.225.128
freenetproject.org,freenetproject.org
www.gawker.com,venerable-quokka-6088e6.netlify.app
gaytoday.com,162.250.76.161
geti2p.net,geti2p.net
www.globaleaks.org,globaleaks.org
www.globalwitness.org,172.67.2.178
globalvoices.org,69.63.186.31
mail.google.com,142.250.217.101
goaskalice.columbia.edu,main-bvxea6i-mbrwcswaa42vg.us.platformsh.site
godhatesfags.com,104.19.143.102
gpgtools.org,185.26.156.66
groups.google.com,31.13.106.4
guardianproject.info,162.247.75.177
guardster.com,199.16.156.75
heroin.org,104.21.41.179
hightimes.com,141.193.213.10
www.hootsuite.com,69.63.184.14
hotgaylist.com,64.237.59.155
howtogrowmarijuana.com,104.26.9.152
hrlibrary.umn.edu/iwraw,N/A
iarf.net,answer:
ikhwanonline.com,104.21.24.40
ilga.org,104.21.51.184
imgur.com,108.160.170.43
imp.free.fr,212.27.48.1
indymedia.org,204.13.164.87
infidels.org,192.223.29.205
insecure.org,50.116.1.184
ipi.media,104.22.77.224
isaalmasih.net,45.56.91.230
islamonline.net,104.26.4.20
iyfglobal.org,172.67.20.234
jainworld.com,104.21.69.171
jezebel.com,104.18.9.156
justicewomen.com,192.185.76.94
www.kabobfest.com,31.220.81.116
www.kickassclassical.com,c.storage.googleapis.com
kidshealth.org,198.140.158.67
krishna.com,answer:
laborrights.org,157.240.1.9
lgbt.foundation,172.67.7.232
login.infomaniak.com,185.125.25.2
login.live.com,www.tm.lg.prod.aadmsa.akadns.net.
www.lushstories.com,www.lushstories.com
mail.ru,217.69.139.200
mail.yahoo.com,edge.gycpi.b.yahoodns.net
mail.yandex.ru,77.88.21.37
mashable.com,172.64.145.239
medpot.net,104.21.51.243
metasploit.com,3.165.11.9
minorityrights.org,104.21.11.115
movabletype.com,210.239.64.251
www.mp3.com,N/A
multiproxy.org,104.21.32.230
mymemory.translated.net,site.mymemory.production.translated.cloud
myspace.com,34.111.176.156
ncac.org,104.22.38.216
news.google.com,142.251.33.78
www.nifty.org,108.160.166.57
nmap.org,50.116.1.184
norml.org,192.0.78.24
now.org,151.101.194.159
nypost.com,31.13.94.41
www.oca.org,plumeria.oca.org
www.wsj.com,69.63.184.30
onlybingo.com,169.62.32.252
ooni.torproject.org,98.159.108.61
ooni.org,103.252.114.11
opennet.net,128.103.64.74
openvpn.net,54.76.135.1
opportunity.org,104.26.7.111
otr.cypherpunks.ca,198.96.155.5
outlook.live.com,outlook.ms-acdc.office.com.
packetstormsecurity.com,198.84.60.198
panties.com,23.227.38.32
peta.xxx,104.21.41.97
phrack.org,194.150.169.131
photos.google.com,142.250.217.78
pinboard.in,64.62.134.190
pingomatic.com,pingomatic.com
www.pinknews.co.uk,104.21.39.53
pirateparty.org.au,172.67.163.131
plan-uk.org,104.26.8.76
plus.im,84.32.84.164
postimage.io,104.21.21.173
www.progressio.org.uk,progressio.org.uk
www.protectioninternational.org,protectioninternational.org
proxify.com,192.133.77.133
proxy.org,78.16.49.15
proxytools.sourceforge.net,projects.sourceforge.net.cdn.cloudflare.net
prq.se,88.80.30.60
psiphon.ca,103.42.176.244
radiofreetexas.com,3.134.190.129
rapidgator.net,195.211.222.2
www.rarbg.to,172.67.185.7
reliefweb.int,52.22.66.188
repo1.maven.org,dualstack.sonatype.map.fastly.net
riseup.net,199.193.116.105
rsf.org,157.240.6.35
russia.tv,80.247.32.209
sakhr.com,206.188.193.193
sci-hub.se,out
search.aol.com,global3.l7.search.ystg1.b.yahoo.com
seclists.org,50.116.1.184
secfirst.org,52.50.17.13
secondlife.com,61.213.189.187
secure.flickr.com,128.242.245.125
friendfinder.com,69.165.107.22
www.logmein.com,e15661.b.akamaiedge.net.
sexetc.org,128.6.43.23
www.sfsi.org,45.77.191.148
shamash.org,66.96.163.134
shia.org,shia.org
www.sierraclub.org,982gl.x.incapdns.net
site.voicepulse.com,N/A
sites.google.com,31.13.94.37
slashdot.org,172.64.151.192
sourceforge.net,172.64.150.145
sourceforge.net/projects/loic,N/A
spideroak.com,128.121.243.228
spys.one,199.59.149.136
store.steampowered.com,184.26.113.47
strongvpn.com,188.5.4.96
support.therapytribe.com/hivaids-support-group,N/A
t.co,172.66.0.227
tacticaltech.org,172.105.80.210
tails.net,94.142.244.34
technorati.com,129.213.208.64
thehackernews.com,104.26.10.117
theintercept.com,31.13.96.194
thenationalcampaign.org,23.185.0.1
thepiratebay.org,104.23.124.189
timesofindia.indiatimes.com,31.13.95.38
tinyurl.com,tinyurl.com
tor.eff.org,108.160.163.102
torah.org,104.26.3.77
translate.google.com,www3.l.google.com
translation2.paralink.com,207.38.103.240
transsexual.org,192.119.106.241
trashy.com,23.227.38.32
turbobit.net,98.159.108.71
twitter.com,199.16.158.104
ultrasurf.us,104.21.234.100
www.unep.org,www.unep.org.cdn.cloudflare.net
unpo.org,199.59.150.49
veracrypt.fr,51.210.181.103
vho.org,172.67.164.84
video.google.com,video.l.google.com
vimeo.com,199.16.158.12
weblogs.us,74.208.236.47
wedo.org,69.164.209.112
wikileaks.org,184.72.1.148
www.wilpf.org,wilpf.org
www.witness.org,68.183.130.9
wkkf.org,192.0.66.72
womeninblack.org,womeninblack.org
wordpress.com,wordpress.com
wordpress.org,198.143.164.252
world.internationalism.org,104.21.1.25
worldofwarcraft.com,98.83.198.232
worldsingles.com,worldsingles.com
wupj.org,172.67.167.76
wwf.panda.org,18.158.113.0
www.100webspace.com,198.23.53.13
www.2600.com,184.105.226.26
www.2shared.com,83.222.126.242
www.3wishes.com,shops.myshopify.com
www.4chan.org,104.19.143.99
www.4online-gambling.com,4online-gambling.com
www.4shared.com,173.252.108.3
www.888casino.com,ducxi2i84aybo.cloudfront.net.
www.911memorial.org,911memorial.org
911truth.org,35.208.251.241
www.abcunderwear.com,shops.myshopify.com.
www.abortionno.org,abortionno.org
www.absinth.com,62.109.150.115
www.absolut.com,www.absolut.com.cdn.cloudflare.net.
www.accessnow.org,104.22.8.83
www.jackpotcitycasino1.com,172.64.148.211
www.acquisitionx.com,acquisitionx.com
actionaid.org,95.216.189.127
www.adl.org,192.124.249.107
www.adventist.org,65.49.26.98
www.advocate.com,n.sni.global.fastly.net.
www.advocatesforyouth.org,141.193.213.11
www.af.mil,N/A
www.afp.com,e182203.dsca.akamaiedge.net.
afterellen.com,172.67.71.148
www.agentprovocateur.com,www.agentprovocateur.com.cdn.cloudflare.net
www.ahram.org.eg,172.67.10.221
frontlineaids.org,217.160.0.82
journals.lww.com,journals.lww.com.cdn.cloudflare.net
www.akdn.org,d11pn754vjmv5x.cloudfront.net
www.alarabiya.net,www.alarabiya.net.cdn.cloudflare.net
www.aljazeera.net,www.aljazeera.net
www.almanar.com.lb,5.35.14.166
alqassam.ps,N/A
www.amazon.com,d3ag4hukkh62yn.cloudfront.net.
www.americannaziparty.com,66.33.202.85
www.amnesty.org,108.160.173.207
www.ananzi.co.za,156.38.133.2
www.angelfire.lycos.com,webpub-https-proxy.bo3.lycos.com.
www.anglicancommunion.org,104.21.8.114
www.petside.com,172.67.196.195
www.anonymizer.ru,213.174.158.135
www.anonymsurfen.com,92.205.53.133
www.apple.com,www.apple.com.edgekey.net.globalredir.akadns.net.
www.appzplanet.com,69.162.95.2
www.apt.ch,162.55.103.155
www.arabnews.com,104.18.0.177
www.ariannelingerie.com,shops.myshopify.com.
www.army.mil,N/A
www.article19.org,67.228.102.32
asean.org,192.124.249.37
www.ask.com,199.59.148.201
www.asterisk.org,162.159.135.42
www.atheistalliance.org,atheistalliance.org
www.atheists.org,104.26.5.236
www.auduboninternational.org,auduboninternational.org
www.beintheknow.org,cname.vercel-dns.com
www.awid.org,23.185.0.253
www.bacardi.com,141.193.213.11
www.bahai.org,bahaiorg.netlify.app.
www.baidu.com,www.a.shifen.com
www.barmeister.com,barmeister.com
www.barnesandnoble.com,e4658.a.akamaiedge.net.
www.bat.com,v46os4t.ng.impervadns.net
www.beer.com,beer.com
www.beerinfo.com,beerinfo.com
www.benedelman.org,benedelman.nfshost.com
www.betfair.com,www.betfair.com.cdn.cloudflare.net
www.bglad.com,204.8.234.161
www.binance.com,0.0.0.0
www.bing.com,cn-bing-com.cn.a-0001.a-msedge.net.
www.birthcontrol.com,birthcontrol.com
www.bitcomet.com,bitcomet.com
www.bitfinex.com,199.59.149.231
www.bittorrent.com,d3uao53cqpzd42.cloudfront.net
www.biz.ly,67.225.207.145
www.blackhat.be,blackhat.be
www.blackjackinfo.com,172.67.158.220
www.blizzard.com,52.199.209.103
www.blogeasy.com,blogeasy.com
www.blogsome.com,blogsome.com
www.bme.com,104.21.78.240
www.brinkster.com,65.182.102.190
www.broadvoice.com,ygcn989v5x64.wpeproxy.com
www.brookings.edu,www.brookings.edu.cdn.cloudflare.net
www.btselem.org,btselem.org
www.buddhanet.net,buddhanet.net
www.budweiser.com,e2ovz.x.incapdns.net
www.buydutchseeds.com,buydutchseeds.com
www.vyke.com,20.93.49.47
www.cannaweed.com,104.27.201.89
www.caritas.org,104.18.38.232
www.casinotropez.com,e88748.dscd.akamaiedge.net.
www.catholic.org,catholic.org
www.catholicsforchoice.org,catholicsforchoice.org
www.cbc.ca,69.50.221.20
www.cbsnews.com,news-ipv4.cbsi.map.fastly.net.
www.ccel.org,www.ccel.org
www.cdc.gov,www.akam.cdc.gov
www.ceceurope.org,37.9.175.179
www.centcom.mil,N/A
www.cesr.org,23.81.206.207
www.change.org,199.96.63.75
www.chantelle.com,54.171.173.207
www.childrensdefense.org,23.185.0.3
www.chinatimes.com,172.67.1.28
www.christianity.com,104.25.62.73
www.christianitytoday.com,ct.go-vip.net
www.churchofeuthanasia.org,churchofeuthanasia.org.
www.cia.gov,157.240.2.36
www.oas.org,172.67.9.114
circumcision.org,104.21.58.193
www.cirp.org,109.71.25.114
www.cis.minsk.by,195.222.71.116
www.clintonfoundation.org,104.20.47.105
edition.cnn.com,151.101.195.5
www.coinbase.com,154.92.16.97
www.collegehumor.com,3.33.139.32
www.concern.net,104.22.0.74
www.copticchurch.net,104.21.67.237
www.coquette.com,shops.myshopify.com.
blog.counter-strike.net,192.0.78.231
www.cpj.org,74.86.151.162
www.crisisgroup.org,104.18.12.181
www.crs.org,www.crs.org.cdn.cloudflare.net
www.cseindia.org,3.6.12.203
csid-online.org,72.167.209.98
www.csmonitor.com,69.50.221.20
www.cwgl.rutgers.edu,cwgl.rutgers.edu
www.cyber-pirates.org,213.33.72.206
www.dailymotion.com,31.13.69.169
www.darknet.org.uk,104.21.15.254
www.darpa.mil,N/A
www.date.com,44.194.88.78
www.dating.com,www.eurodate.com
uk.match.com,uk-dating-fullssl.meetic.com.akadns.net.
www.datpiff.com,d3mom8utvxf48m.cloudfront.net
www.dd-rd.ca,104.21.39.27
www.dea.gov,e11022.dscb.akamaiedge.net.
www.deathmetal.org,173.236.202.231
www.defense.gov,e14896.dscna.akamaiedge.net.
www.delicates.co.uk,162.255.119.211
www.democracycaucus.net,democracycaucus.net
www.democracynow.org,31.13.95.37
dfiles.eu,91.226.124.104
www.derechos.org,derechos.org
www.gov.uk,www-gov-uk.map.fastly.net.
dharmanet.org,35.215.96.52
www.dia.mil,N/A
www.dit-inc.us,dit-inc.us
www.doctissimo.fr,dualstack.n.sni.global.fastly.net
www.dogpile.com,ssl1.prod.s1search.co.
www.dopplr.com,dopplr.com
www.dotster.com,www.dotster.com
download.cnet.com,n.sni.global.fastly.net
www.dreamhost.com,d1fuzmtbnmqtpq.cloudfront.net
www.dropbox.com,31.13.64.7
www.drudgereport.com,d1so2df0xs45yt.cloudfront.net
www.drugsense.org,67.223.102.139
www.ea.com,e4391.dsca.akamaiedge.net.
www.earthaction.org,earthaction.typepad.com
www.earthrights.org,23.185.0.1
earthwatch.org,23.185.0.2
www.ebaumsworld.com,162.125.32.15
www.ebay.com,e9428.a.akamaiedge.net.
www.eccouncil.org,104.18.9.180
www.echr.coe.int,www.echr.coe.int.cdn.cloudflare.net
www.ectaco.com,158.69.42.114
www.edf.org,knre2npbximey.edge.platform.sh
www.eff.org,eff.map.fastly.net
www.eharmony.com,104.16.221.144
www.eln-voces.com,eln-voces.com
www.eluniversal.com,144.217.180.146
www.engenderhealth.org,engenderhealth.org
www.enom.com,199.16.172.29
www.epa.gov,d32i4z0dxazdtp.cloudfront.net
www.episcopalchurch.org,216.158.146.100
www.episcopalrelief.org,23.185.0.3
www.erowid.org,N/A
www.eurogrand.com,d6iqnvg0uw7sc.cloudfront.net.
www.europacasino.com,e130101.dscd.akamaiedge.net.
www.euthanasia.cc,205.178.145.148
www.eveonline.com,d2qjncoblxi5md.cloudfront.net
www.excite.com,askmedia.map.fastly.net
www.exgay.com,td-ccm-neg-87-45.wixdns.net.
www.exmormon.org,exmormon.org
www.exploit-db.com,192.124.249.13
www.facebook.com,199.59.148.147
msh.org,35.193.156.219
www.fark.com,172.67.203.12
www.fastmail.com,www-4nv.pages.dev
www.feedtheminds.org,185.151.30.163
www.feminist.com,104.21.25.74
feminist.org,141.193.213.10
www.fhi360.org,wp.wpenginepowered.com
www.fidh.org,108.160.166.49
www.flickr.com,162.125.34.133
friendsoftheearth.uk,172.66.41.20
www.fondationdefrance.org,104.18.11.241
www.fordfound.org,www.fordfoundation.org.cdn.cloudflare.net
www.formercatholic.com,formercatholic.com
www.fotki.com,185.12.236.31
www.fotolog.com,104.21.85.104
www.foxnews.com,e197183.dsca.akamaiedge.net.
www.frc.org,192.133.77.145
www.freedominfo.org,krxox.sitelockcdn.net
www.freeexpression.org,67.205.3.171
www.freehomepage.com,173.236.254.123
www.freeservers.com,64.136.20.36
www.freespeech.com,104.26.4.73
freespeech.org,141.193.213.20
www.freespeechcoalition.com,104.21.66.160
www.freewebspace.com,172.67.159.202
www.freshpair.com,shops.myshopify.com.
www.frontlinedefenders.org,103.252.115.49
www.ft.com,financial-times-tls13-0rtt.map.fastly.net
www.fuckingfreemovies.com,66.254.117.142
www.gambling.com,172.66.40.225
www.gamespot.com,mbz200.wikia.map.fastly.net
www.gatesfoundation.org,104.18.36.174
www.gay.com,172.67.135.182
www.gayegypt.com,94.23.160.76
www.gayscape.com,204.8.234.161
www.gearthblog.com,35.208.230.52
genderandaids.unwomen.org,23.185.0.1
srhrforall.org,104.26.5.226
www.ubisoft.com,d3nt6sgz6rl0lx.cloudfront.net.
giganews.com,204.79.197.217
github.com,20.205.243.166
www.glaad.org,44.231.129.68
www.glbtqarchive.com,173.236.136.194
www.glil.org,103.224.182.253
www.globalfire.tv,globalfire.tv
www.globalfundforwomen.org,104.26.0.151
www.globalpolicy.org,85.13.141.187
www.globet.com,N/A
www.gmhc.org,199.16.172.182
www.gmx.com,74.208.232.76
www.gnu.org,209.51.188.116
www.gnupg.org,217.69.76.60
www.goarch.org,www.goarch.org.cdn.cloudflare.net
www.godaddy.com,192.133.77.145
www.godalone.org,godalone.org
www.goldenrivieracasino.com,104.21.19.219
www.google.com,199.59.148.229
www.google.com/search?q=ga,N/A
www.google.com/search?q=lesbia,N/A
www.google.com/search?q=transsexua,N/A
transparencyreport.google.com,www3.l.google.com
www.gotgayporn.com,173.208.182.68
www.goldenpalace.com,188.166.140.34
www.granma.cu,gslbs.cd.etecsa.cu
www.greennet.org.uk,webproxy.gn.apc.org
www.greenpeace.org,www.greenpeace.org.cdn.cloudflare.net
www.grindr.com,108.160.166.137
grindr.mobi,104.17.139.120
www.groupon.com,e13056.x.akamaiedge.net.
www.guerrillagirls.com,ext-cust.squarespace.com
www.guildwars.com,35.174.240.197
www.haaretz.com,y2.shared.global.fastly.net
www.habbo.com,da.habbo.com
www.hackforums.net,104.23.132.78
www.hackhull.com,185.151.30.137
www.hacktivismo.com,ghs.google.com
www.hanes.com,basic.magentocloud.map.fastly.net
www.helvetas.ch,www.helvetas.ch
www.herdict.org,128.103.64.74
www.heritage.org,173.244.217.42
thehiddenwiki.org,185.247.225.40
www.hidemyass.com,118.5.49.6
www.hightail.com,13.35.49.127
www.hitler.org,75.119.204.145
www.hizb-ut-tahrir.org,157.240.20.8
www.hon.ch,N/A
www.honduras.com,18.65.207.45
www.hostgator.com,172.64.144.208
www.hotbot.com,hotbot.com
www.hotspotshield.com,162.125.32.15
www.hrc.org,54.218.249.80
www.hrea.org,hrea.org
www.hrw.org,104.244.46.21
www.http-tunnel.com,http-tunnel.com
www.huffpost.com,98.159.108.57
www.humanrightsconnected.org,172.67.33.227
www.humanrightsfirst.org,u72wemsr7mus.wpeproxy.com
www.hushmail.com,172.65.90.7
hustler.com,hustler.com
www.iaffe.org,cloudflare.memberclicks.net
www.iavi.org,23.185.0.2
www.icc-cpi.int,172.67.22.246
www.icj.org,i0gr8ikez8v5.wpeproxy.com
www.iconnecthere.com,172.67.140.82
www.icrc.org,shed.dual-low.s-part-0045.t-0009.t-msedge.net.
www.icrw.org,jsv9ji5awsb6.wpeproxy.com
www.ictj.org,23.185.0.2
www.idea.int,dl8eqaydhsu4l.cloudfront.net
www.idrc.ca,52.242.38.173
www.idsoftware.com,www.idsoftware.com.cdn.cloudflare.net
www.iea.org,www.iea.org.cdn.cloudflare.net
www.ifad.org,www.ifad.org.cdn.cloudflare.net
ifeminists.com,172.96.186.215
www.ifex.org,157.240.10.32
www.ifge.org,66.96.133.1
www.ifj.org,104.244.45.246
www.ifrc.org,www.ifrc.org.cdn.cloudflare.net
www.ihr.org,185.177.60.71
www.ihrc.org,31.193.137.139
www.iico.org,159.69.157.252
www.ijm.org,104.18.179.119
www.ilo.org,dualstack.acquia.map.fastly.net
www.imdb.com,d2bytcopxu066p.cloudfront.net.
www.imf.org,e28742.dscb.akamaiedge.net.
www.implantinfo.com,implantinfo.com
www.inbox.com,inbox.com
www.indiatimes.com,202.160.128.16
www.inetprivacy.com,104.21.1.185
www.inminds.co.uk,217.160.0.49
www.instagram.com,156.233.67.243
www.international.gc.ca,198.103.198.137
www.internationalrivers.org,internationalrivers.org
www.interpol.int,e12498.b.akamaiedge.net.
www.ipcc.ch,172.67.16.107
www.ipetitions.com,production-1716246843.us-east-1.elb.amazonaws.com
www.ipredator.se,118.5.49.6
www.ipvanish.com,77.4.7.92
www.irna.ir,185.143.233.120
www.isiswomen.org,173.254.28.98
www.iskcon.com,iskcon.com
www.islamdoor.com,SERVFAIL
www.islameyat.com,islameyat.com
islamic-relief.org,104.18.1.211
www.islamicity.com,www.islamicity.com
www.islaminstitut.de/en,N/A
www.isscr.org,ext-cust.squarespace.com
www.itsyoursexlife.com,52.201.144.181
www.iucn.org,104.21.85.207
www.jackdaniels.com,23.185.0.4
www.jdate.com,104.18.41.248
www.jesussaves.cc,216.126.196.23
www.jhr.ca,104.21.6.250
www.jihadwatch.org,31.13.85.34
www.jmarshall.com,jmarshall.com
www.jmarshall.com/tools/cgiproxy,N/A
www.jsf.mil,N/A
www.judaism.com,judaism.com
www.judaismconversion.org,judaismconversion.org
www.kali.org,104.18.5.159
www.kbs-frb.be,104.22.76.99
www.kcna.kp,175.45.176.71
www.keptprivate.com,keptprivate.com
www.khilafah.com,199.16.156.7
www.khrp.org,172.67.174.50
www.kraken.com,31.13.67.33
www.laborrightsnow.org,laborrightsnow.org
www.lanacion.com.ar,lanacionar-la-nacion-ar-prod.arc-dns.net.
www.lasenza.com,shops.myshopify.com
www.last.fm,lastfm.cbsi.map.fastly.net
www.latimes.com,dnere6g15e5vs.cloudfront.net.
www.lds.org,e5298.g.akamaiedge.net.
www.learningpartnership.org,learningpartnership.org
www.leaseweb.com,leaseweb.s.llnwi.net.
www.lemonde.fr,199.59.148.6
www.lesbiansubmission.com,lesbiansubmission.com
www.lingo.com,lingo.com
www.linkedin.com,pop-az-be.www.linkedin.com.
www.linphone.org,linphone.org
www.literotica.com,216.150.65.190
www.livejournal.com,livejournal.com.
www.liveleak.com,liveleak.com
www.luckynugget.com,172.67.152.61
www.lycos.com,209.202.254.90
www.macfound.org,104.20.69.80
www.madre.org,madre.org
www.mail.com,82.165.229.59
www.mail.lycos.com,mail.lycos.com
www.mail2web.com,mail2web.com
www.mailinator.com,104.22.13.236
www.mainichi.co.jp,3.166.244.23
www.malwares.com,www.malwares.com.cdn.cloudflare.net
www.mamma.com,mamma.com
www.mariestopes.org.uk,wp.wpenginepowered.com
www.martus.org,99.84.55.17
www.marxists.org,karl.marxists.org
www.match.com,us-dal.match.com.
www.medecinsdumonde.org,158.255.65.158
www.mediafire.com,104.17.151.117
www.medicinenet.com,172.64.154.227
www.megaproxy.com,118.193.202.219
www.metacrawler.com,ssl1.prod.s1search.co.
www.metal-archives.com,104.21.39.169
www.microsofttranslator.com,ux.microsofttranslator.search.prod.ms.akadns.net
www.mideastyouth.com,172.67.16.57
www.mizzima.com,172.67.73.200
www.moderndrunkardmagazine.com,parking.namesilo.com
www.monacogoldcasino.com,185.243.3.136
www.mormon.org,e2561.b.akamaiedge.net.
www.mozilla.org,www.mozorg.moz.works
www.msf.org,www.msf.org.cdn.cloudflare.net
www.msn.com,a-0003.a-msedge.net.
www.muhammadanism.com,157.230.67.179
mytrans.com.tw,52.161.13.180
www.namecheap.com,www.namecheap.com.cdn.cloudflare.net
www.naral.org,wp.wpenginepowered.com
www.nato.int,e37493.dscb.akamaiedge.net.
www.nature.org,e25215.b.akamaiedge.net.
www.navy.mil,N/A
nazarene.org,N/A
nsdapao.info,23.184.48.187
www.ndi.org,157.240.17.14
www.ned.org,157.240.2.14
www.neonjoint.com,wp.wpenginepowered.com
www.netaddress.com,165.212.8.50
www.netaddress.com,165.212.8.50
www.netflix.com,www.us-west-2.internal.dradis.netflix.com.
www.newnownext.com/franchise/the-backlot,N/A
www.ning.com,208.82.16.81
www.nmrc.org,162.196.226.76
www.no-ip.com,158.247.7.199
www.nsa.gov,e16248.dscb.akamaiedge.net.
www.nytimes.com,74.86.151.167
www.ohchr.org,172.67.36.17
www.occrp.org,128.121.243.107
www.ohmynews.com,211.233.21.230
www.oic-oci.org,20.203.17.248
www.oicc.org,oicc.org
www.oikoumene.org,104.26.10.41
www.okcupid.com,104.18.160.63
www.om.org,master-7rqtwti-rkov5ppjkdt42.eu-2.platformsh.site
www.omct.org,199.59.148.106
www.on-instant.com,N/A
www.oneworld.net,66.45.226.139
www.online-dating.org,76.223.54.146
www.online-translator.com,141.95.147.42
www.onlinegambling.com,104.19.185.101
www.oovoo.com,104.21.80.90
www.opec.org,172.67.43.154
www.opendns.com,146.112.62.105
www.openpgp.org,openpgp.netlify.com
www.opensocietyfoundations.org,157.240.7.5
www.opioids.com,52.44.246.5
www.originalelf.com,originalelf.com
www.orthodoxconvert.info,orthodoxconvert.info
www.osce.org,69.172.200.222
www.ou.org,18.67.51.16
outrightinternational.org,103.39.76.66
www.oxfam.org,www.oxinfra.org
www.pacom.mil,N/A
www.paganpride.org,ghs.googlehosted.com
www.paltalk.com,203.98.7.65
www.pandora.com,www.gslb.pandora.com
www.partypoker.com,www.partypoker.com.cdn.cloudflare.net
www.partypoker.net,www.partypoker.net.cdn.cloudflare.net
www.paypal.com,paypal-dynamic.map.fastly.net.
www.pc2call.com,208.73.204.158
www.pcgamer.com,g.sni.global.fastly.net
www.pcusa.org,ctrwebp13.pcusa.org
www.peacefire.org/circumventor/simple-circumventor-instructions.htm,N/A
www.people.com.cn,www.people.com.cn.wswebpic.com
www.peta.org,104.18.197.48
www.phenoelit.org,N/A
www.photobucket.com,18.66.102.7
www.pinterest.com,118.184.26.113
www.piratenpartei.ch,149.126.4.43
www.piratpartiet.se,194.14.56.168
www.planetromeo.com,104.17.179.107
www.plannedparenthood.org,104.17.86.66
www.playboy.com,162.159.140.211
www.pmi.com,e8425.a.akamaiedge.net.
www.pof.com,172.64.151.193
www.pogo.com,ea5.com.edgekey.net.
www.poker.com,104.17.25.194
www.pokerstars.com,104.244.43.228
www.pornhub.com,pornhub.com
www.positive.org,66.96.146.129
www.postmaster.co.uk,46.43.2.141
www.pravda.ru,172.67.21.125
www.premaritalsex.info,198.175.150.30
www.privacyinternational.org,172.67.5.244
www.privaterra.org,172.67.154.53
prolife.com,162.240.39.227
www.protest.net,www.protest.net
proton.me,202.53.137.209
www.purevpn.com,66.220.148.145
www.quantico.marines.mil,N/A
www.queernet.org,queernet.org
www.queerty.com,answer:
www.rackspace.com,e13746.dscb.akamaiedge.net.
www.radicalparty.org,31.31.41.108
www.rambler.ru,81.19.82.2
www.ran.org,wp.wpenginepowered.com
www.rbf.org,23.185.0.1
www.realbeer.com,172.67.152.181
www.reddit.com,reddit.map.fastly.net
www.refugeesinternational.org,wp.wpenginepowered.com
reproductiverights.org,141.193.213.20
www.repubblica.com,kata-redir.kataweb.it
www.rescue.org,www.rescue.org.cdn.cloudflare.net
www.rfa.org,198.27.124.186
www.rferl.org,199.16.158.9
www.rfi.fr,75.126.164.178
www.riftgame.com,a1587.dscb.akamai.net.
www.righttodie.ca,righttodie.ca
www.riverbelle.com,104.21.71.53
www.rockstargames.com,e8290.e2.akamaiedge.net.
www.rollingstone.com,rollingstone.com
www.rollitup.org,172.67.71.31
www.royalvegas.com,104.18.34.130
www.rt.com,en.wpc.rt.com
www.runescape.com,nginx.web.any.jagex.com
www.rxmarijuana.com,208.109.23.144
www.samesexmarriage.ca,samesexmarriage.ca
www.satp.org,172.67.209.190
www.savethechildren.net,104.26.12.140
www.sbc.net,35.238.6.132
www.scarleteen.com,scarleteen.com
www.schwarzreport.org,schwarzreport.org
www.scientology.org,35.201.127.87
www.scribd.com,scribd.map.fastly.net
www.scruff.com,151.101.1.195
www.sealswcc.com,64.87.22.44
www.search.com,www.search.com
www.searchindia.com,162.216.17.88
www.securenym.net,anon.securenym.net
www.secfirst.org,secfirst.org
www.sendspace.com,199.59.150.13
www.sendthisfile.com,sendthisfile.com
www.serials.ws,938503.parkingcrew.net
www.sex.com,199.59.150.44
www.sexandu.ca,sexandu.ca
www.sexandu.ca/fr,N/A
www.sexedlibrary.org,sexedlibrary.org
www.shinto.org,shinto.org
www.shroomery.org,104.27.205.87
www.sida.se,dualstack.sidase-fe-loadbalancer-prod-1259863148.eu-north-1.elb.amazonaws.com
www.siecus.org,siecus.org
www.sina.com.cn,spool.grid.sinaedge.com
www.skype.com,s-0006.s-msedge.net.
www.slideshare.net,www.slideshare.net
www.slotland.com,41.72.158.202
www.slsknet.org,vps2.slsknet.org
www.socom.mil,N/A
www.southcom.mil,N/A
www.spark.com,104.21.91.85
www.speeddater.co.uk,e33853.dsca.akamaiedge.net.
www.spinpalace.com,104.18.178.110
www.sportingbet.com,www.sportingbet.com.cdn.cloudflare.net
www.sportsinteraction.com,104.18.16.192
www.square-enix.com,e12943.g.akamaiedge.net.
www.state.gov,d3u14l01bhvgjc.cloudfront.net
www.state.gov/j/drl,N/A
www.stopstreetharassment.org,stopstreetharassment.org
www.stratcom.mil,N/A
www.submission.org,submission.org
www.survive.org.uk,104.21.50.120
www.systranbox.com,172.67.151.13
www.tango.me,34.49.240.231
www.teenhealthfx.com,N/A
www.teensource.org,23.185.0.4
www.telegraph.co.uk,e8153.a.akamaiedge.net.
www.terredeshommes.nl,terre-des-hommes.netlify.app
www.theepochtimes.com,31.13.96.195
www.theglobalfund.org,dns.umbraco.io
www.thegooddrugsguide.com,172.67.191.50
www.theguardian.com,www.theguardian.com
www.themwl.org,themwl.org.
www.theonion.com,theonion.com
www.theregister.co.uk,www.theregister.co.uk
www.tialsoft.com/download,N/A
www.tialsoft.com/multitranse,N/A
www.tmz.com,3.165.11.20
www.tobacco.org,master-7rqtwti-xs2gxmeoidtoi.us-4.platformsh.site
www.topdrawers.com,topdrawers.com
www.torproject.org,74.86.12.172
www.towleroad.com,towleroad.com
www.transferbigfiles.com,waws-prod-bn1-035.vip.azurewebsites.windows.net.
www.translate.ru,translate.ru
www.transparency.org,31.13.94.7
www.transwhiz.com,13.77.200.41
www.tripod.lycos.com,209.202.252.105
www.truthnet.org,truthnet.org
www.tsroadmap.com,50.112.82.230
www.tumblr.com,74.86.12.173
www.twitch.tv,199.16.156.40
www.typepad.com,104.18.116.121
www.u4.no,www.u4.no.herokudns.com
www.ucc.org,23.185.0.2
www.ultimate-anonymity.com,45.77.186.255
www.ultimatebirthcontrol.com,ultimatebirthcontrol.com
www.umc.org,www.umc.org.cdn.cloudflare.net
www.un.int,157.150.185.54
www.un.org,d1z8tokz9k79tw.cloudfront.net
www.un.org/docs/sc,N/A
www.un.org/rights,N/A
www.unaids.org,158.232.15.93
www.unfpa.org,unfpa.org
www.unhcr.org,www.unhcr.org.cdn.cloudflare.net
www.unicef.org,e9130.dscb.akamaiedge.net.
www.unlockme.co.uk,92.205.132.86
unwatch.org,199.59.149.208
www.upci.org,199.189.224.55
www.usafa.af.mil,N/A
www.usaid.gov,e6435.dscb.akamaiedge.net.
www.uscg.mil,N/A
www.ushmm.org,d2x0118v5hofu3.cloudfront.net
www.utorrent.com,4.78.139.50
www.vanguardnewsnetwork.com,107.180.232.129
www.vatican.va,www-vatican.ec.azureedge.net.
www.venus.com,shops.myshopify.com
www.veoh.com,veoh.com
www.vibe.com,pmc-vibe.go-vip.net
www.viber.com,46.82.174.68
www.victoriassecret.com,172.64.144.179
www.voanews.com,157.240.17.14
www.vonage.com,www.vonage.com.cdn.cloudflare.net
www.walmart.com,e4373.x.akamaiedge.net.
www.warchild.net,warchild.net
www.washingtontimes.com,23.101.24.70
www.wcicc.org,wcicc.org.
www.webbox.com/index.ph,45.79.222.138
www.weebly.com,74.115.51.7
www.weforum.org,e1492.cd.akamaiedge.net.
www.well.com,cruzich.wpengine.com
www.well.com/user/queerjhd,N/A
www.wftucentral.org,172.67.194.142
www.whatsapp.com,mmx-ds.cdn.whatsapp.net
mmg.whatsapp.net/robots.tx,N/A
pps.whatsapp.net/robots.tx,N/A
dit.whatsapp.net/robots.tx,N/A
media-arn2-1.cdn.whatsapp.net/robots.tx,N/A
media.fevn1-1.fna.whatsapp.net/robots.tx,N/A
www.whitepages.com,www.whitepages.com.cdn.cloudflare.net
www.who.int,192.133.11.1
www.wiesenthal.com,74.123.155.217
www.wikia.com/fando,N/A
www.wikipedia.org,31.13.112.9
www.wiktionary.org,dyna.wikimedia.org
www.winespectator.com,d.sni.global.fastly.net
www.wix.com,cdn1.wixdns.net.
www.wluml.org,worf.gn.apc.org.
www.wmtransfer.com,5.42.103.205
www.wnd.com,104.26.11.127
www.womensmediacenter.com,104.207.230.167
www.womenwarpeace.org,172.67.214.239
www.wordreference.com,43.228.124.44
www.wordreference.com/enfr/tes,N/A
www.worldbank.org,d3n0bf4dsy4e1.cloudfront.net
www.worldhealth.net,141.193.213.11
www.worldjewishcongress.org,www.worldjewishcongress.org.herokudns.com
wfrtds.org,84.32.84.43
www.worldwildlife.org,104.18.2.107
www.xbox.com,e1822.dsca.akamaiedge.net.
www.xenu.net,194.63.249.219
www.xinhuanet.com,zxinhuahw.v.bsgslb.cn.
www.xnxx.com,128.242.250.155
www.xroxy.com,69.171.224.36
www.xvideos.com,103.252.115.153
www.xvideos.com,103.252.115.59
www.xxlmag.com,fp27D9.wac.450F.edgecastcdn.net.
www.yahoo.com,me-ycpi-cf-www.g06.yahoodns.net
www.ymca.int,35.214.97.72
www.yola.com,104.16.125.49
www.youporn.com,youporn.com
www.youtube.com,31.13.88.26
www.zeit.de,g2.shared.global.fastly.net
www.zone-h.org,170.178.172.174
www.zoomshare.com,173.164.244.212
www.zzn.com,162.144.4.36
xanga.com,192.95.33.163
xhamster.com,118.184.78.78
xxx.lanl.gov,blowfish-f5.lanl.gov
www.yelp.com,yelpcdn.map.fastly.net
imageshack.com,208.94.3.16
www.bbc.com,104.244.43.6
www.bbc.co.uk,31.13.83.2
www.opentech.fund,154.83.15.20
www.womenonwaves.org,168.119.235.217
www.womenonweb.org,womenonweb.org
amp.cloudflare.com/v0/amp-iframe-0.1.j,N/A
cdn.ampproject.org/v0/amp-iframe-0.1.j,N/A
www.bing-amp.com/v0/amp-iframe-0.1.j,N/A
www.uber.com,cloudflare.uber.com.
pastebin.com,104.20.4.235
getoutline.org,157.240.3.50
fteproxy.org,172.67.208.158
www.thegeekdiary.com,thegeekdiary.com
1.1.1.1/dns-query?dns=q80BAAABAAAAAAAAA3d3dwdleGFtcGxlA2NvbQAAAQA,N/A
1.0.0.1/dns-query?dns=q80BAAABAAAAAAAAA3d3dwdleGFtcGxlA2NvbQAAAQA,N/A
dns.quad9.net/dns-query?dns=q80BAAABAAAAAAAAA3d3dwdleGFtcGxlA2NvbQAAAQA,N/A
9.9.9.9/dns-query?dns=q80BAAABAAAAAAAAA3d3dwdleGFtcGxlA2NvbQAAAQA,N/A
soundcloud.com,174.36.196.242
signal.org,31.13.70.33
www.tunnelbear.com,54.76.135.1
www.vice.com,savageplatform.go-vip.net
tyt.com,172.67.7.200
www.nbc.com,a414.dscq.akamai.net.
abc.go.com,editions.geo.hosted.watchdisneyfe.com
threema.ch,185.88.236.85
wickr.com,13.249.160.95
commons.wikimedia.org,dyna.wikimedia.org
en.wikipedia.org,answer:
de.wikipedia.org,31.13.94.49
ru.wikipedia.org,199.16.158.8
fr.wikipedia.org,31.13.73.9
ca.wikipedia.org,31.13.73.9
es.wikipedia.org,es.wikipedia.org
zh.wikipedia.org,dyna.wikimedia.org
ja.wikipedia.org,31.13.94.41
it.wikipedia.org,199.16.158.9
wikimapia.org,108.160.170.26
liveuamap.com,104.18.26.42
foreignpolicy.com,128.242.240.218
simple.wikipedia.org,199.16.158.182
cloudflare-dns.com/dns-query?dns=q80BAAABAAAAAAAAA3d3dwdleGFtcGxlA2NvbQAAAQA,N/A
www.dw.com,108.160.173.207
www.betternet.co,173.244.209.150
www.getoutline.org,31.13.96.195
www.securityinabox.org,108.160.167.147
hangouts.google.com,www3.l.google.com
www.snapchat.com,web-gcp.api.sc-gw.com.
www.truecaller.com,199.36.158.100
www.viber.com,159.106.121.75
line.me,108.160.166.253
stealthchat.com,54.176.188.129
icq.com,5.61.236.229
tinder.com,52.84.150.39
www.meetme.com,204.145.125.82
ifacetimeapp.com,104.21.63.85
messages.google.com,142.251.33.110
www.messenger.com,star.facebook.com
www.textra.me,proxy-ssl-geo.webflow.com.
web.wechat.com,web1.wechat.com
secure.hi5.com,hi5.com
go-text.me,3.81.204.11
www.talkyou.me,d1f5ve8jgj85tt.cloudfront.net
www.lovoo.com,104.17.13.92
www.getdrupe.com,getdrupe.com.
imo.im,199.59.149.205
www.magicjack.com,waf-east-1-ab.magicjack.com.
badoo.com,31.222.67.112
www.ipair.com,d1uud9hdor2owd.cloudfront.net
www.urduvoa.com,e4891.dscb.akamaiedge.net.
www.out.com,n.sni.global.fastly.net.
www.lgbtqnation.com,172.67.163.38
www.gaystarnews.com,104.21.234.124
instinctmagazine.com,instinctmagazine.com
www.thetrevorproject.org,104.20.208.10
www.shoe.org,31.171.244.133
www.glsen.org,www.glsen.org.edgekey.net.
lambdalegal.org,23.185.0.2
pflag.org,104.22.31.111
itgetsbetter.org,199.16.172.12
lgbtnewsnow.org,104.21.7.41
lalgbtcenter.org,31.13.96.193
transequality.org,transequality.org
www.nclrights.org,nclrights.org
www.amnestyusa.org/the-state-of-lgbt-rights-worldwide,N/A
www.unfe.org,172.67.34.25
lgbtmap.org,54.214.126.224
gaymenshealth.org,50.87.19.102
www.newnownext.com,e15126.dsca.akamaiedge.net.
thegailygrind.com,148.135.131.113
www.nostraightnews.com,nostraightnews.com
www.mombian.com,mombian.com
www.bicommunitynews.co.uk,185.151.30.190
lgbtvacationplanners.com,lgbtvacationplanners.com
www.ilga-europe.org,128.242.245.157
kaleidoscopetrust.com,91.197.230.128
www.stonewall.org.uk,195.191.164.162
hornet.com,3.165.11.23
wikidata.org,198.35.26.96
ar.wikipedia.org,157.240.17.35
ar.m.wikipedia.org,199.16.158.182
en.m.wikipedia.org,dyna.wikimedia.org
es.m.wikipedia.org,199.16.158.8
pt.m.wikipedia.org,31.13.106.4
credibilitycoalition.org,75.2.60.5
gitlab.com,172.65.251.78
dl.bintray.com/jfrog/xray,N/A
upload.twitter.com/robots.tx,N/A
pbs.twimg.com/profile_images/941658150889054208/lFeD3554_200x200.jp,N/A
video.twimg.com/tweet_video/EC6DSXDXsAEhHAa.mp,N/A
abs.twimg.com/sticky/default_profile_images/default_profile_normal.pn,N/A
doubleclick.net,142.251.215.238
opera.com,185.26.182.104
savefrom.net,104.22.41.216
stackexchange.com,stackexchange.com
stackoverflow.com,104.18.32.7
w3schools.com,76.223.115.82
wikihow.com,151.101.1.91
xda-developers.com,52.5.96.96
xe.com,18.245.60.58
bintray.com,18.214.194.113
bitbucket.org,13.200.41.135
www.privateinternetaccess.com,154.85.102.30
protonvpn.com,69.63.176.15
antivigilancia.org,107.174.220.10
myabortionstory.tumblr.com,159.65.107.38
vesselthefilm.com,162.243.241.71
aidaccess.org,37.252.191.120
www.omct.org,31.13.95.37
www.worldcoalition.org,104.244.46.71
www.globalr2p.org,31.13.94.23
digital.globalclimatestrike.net,172.67.165.162
allout.org,104.22.0.137
www.worldpulse.com,104.26.0.67
globalpressjournal.com,172.67.204.63
archive.is,111.243.214.169
www.wfp.org,www.wfp.org.wfprouting.org
www.persecution.org,157.240.15.8
www.isa.org.jm,3.219.124.99
www.ifc.org,d2j13t0aldubfy.cloudfront.net
www.ibe.unesco.org,193.242.192.47
www.iaea.org,104.20.2.64
www.aljazeera.com,198.44.185.131
www.ecequality.org,ecequality.org
www.pridemedia.com,ext-cust.squarespace.com
pridesource.com/article/top-10-international-lgbt-stories-of-2018,N/A
www.familyequality.org/events/international-family-equality-day,N/A
internationalfamilyequalityday.org,internationalfamilyequalityday.org
tdov.org,162.241.253.126
www.cfr.org/backgrounder/same-sex-marriage-global-comparison,N/A
theglobalobservatory.org/2019/07/mandate-renewal-independent-expert-sogi-at-risk,N/A
www.unwomen.org/en/news/stories/2019/5/compilation-lgbti-activists-to-kno,N/A
equal-eyes.org,198.185.159.144
arc-international.net,108.160.149.55
www.eurobicon.org,eurobicon.org.
etherscan.io,128.121.243.235
dns.google,8.8.4.4
slate.com,65.49.68.152
kiwifarms.net,207.5.194.234
getintra.org,151.101.65.195
gisanddata.maps.arcgis.com/apps/dashboards/bda7594740fd40299423467b48e9ecf,N/A
tuta.com,185.205.69.12
www.uproxy.org,answer:
getlantern.org,159.106.121.75
massbrowser.cs.umass.edu,54.85.60.193
joinmastodon.org,128.121.146.235
mastodon.cloud,69.171.228.74
mastodon.sdf.org,108.160.167.30
mastodon.social,104.244.46.9
mastodon.xyz,108.160.170.26
mstdn.io,199.59.149.207
mstdn.jp,162.125.32.15
pixelfed.social,104.26.14.176
www.ftchinese.com,199.59.148.20
www.sputniknews.cn,sputniknews.cn
www.dailysabah.com,157.240.9.36
www.dailymail.co.uk,108.160.172.204
www.economist.com,67.228.235.93
www.theatlantic.com,na-eu.atlanticmedia.map.fastly.net
www.nbcnews.com,31.13.94.41
www.worldometers.info/coronavirus,N/A
briarproject.org,199.59.150.43
76crimes.com,162.0.212.2
coronavirus.jhu.edu/map.htm,N/A
experience.arcgis.com/experience/685d0ace521648f8a5beeeee1b9125c,N/A
www.healthmap.org/covid-19,N/A
hgis.uw.edu/virus,N/A
app.developer.here.com/coronavirus,N/A
apps.crowdtangle.com/public-hub/covid1,N/A
covidtracking.com,172.67.183.132
www.kff.org/global-health-policy/fact-sheet/coronavirus-tracker,N/A
storymaps.arcgis.com/stories/4fdc0d03d3a34aa485de1fb0d2650ee,N/A
www.projectbaseline.com/studies/covid-research,N/A
www.ecdc.europa.eu/en/geographical-distribution-2019-ncov-case,N/A
multimedia.scmp.com/infographics/news/china/article/3047038/wuhan-virus/index.html?src=article-launche,N/A
www.nbcnewyork.com/news/national-international/map-watch-the-coronavirus-cases-spread-across-the-world/2303276,N/A
nextstrain.org/nco,N/A
coronavirus.app,151.101.1.195
bit.ly,67.199.248.11
bitly.com,67.199.248.14
discord.gg,4.78.139.54
discordapp.com,199.96.61.1
icao.maps.arcgis.com/apps/webappviewer3d/index.html?id=d9d3f8fa9a23425c8f0889baab62618,N/A
icao.maps.arcgis.com/apps/opsdashboard/index.html#/977dde48256b489fb48fa98e724721e,N/A
help.unhcr.org,help.unhcr.org.cdn.cloudflare.net
www.infomigrants.net,e10039.dscf.akamaiedge.net.
www.zanzu.nl,zanzu.nl
europedatingonline.com,185.104.29.94
www.pinkcupid.com,www.pinkcupid.com
freespeechdebate.com,108.160.162.109
yandex.com,77.88.44.55
www.eea.europa.eu,34.246.63.148
www.quora.com,www.quora.com.cdn.cloudflare.net
www.patreon.com,67.228.235.91
www.meetup.com,p3.shared.global.fastly.net
www.goodreads.com,tp.dbaf64dfe-frontier.goodreads.com
swift.org,17.253.144.12
int.soccerway.com,e10613.a.akamaiedge.net.
livestream.com,157.240.17.14
www.trendsmap.com,199.16.156.71
www.blockchain.com,104.16.57.69
www.ushareit.com,159.138.103.42
www.shazam.com,san12.shazam.map.fastly.net
shadowsocks.org,37.61.54.158
www.health.com,k.sni.global.fastly.net.
www.musixmatch.com,199.96.58.105
www.genymotion.com,104.16.59.17
www.tawk.to,172.67.15.14
9gag.com,9gag.com
www.overdrive.com,31.13.91.33
www.bbm.com,bgwt.dyn.blackberry.net.
medium.com,31.13.87.34
www.chess.com,104.18.137.67
about.riot.im,104.26.4.138
www.researchgate.net,104.17.33.105
subscene.com,104.21.233.138
web.archive.org,75.126.164.178
en.miui.com,extranet-ipv4-pub-alisgp.alb.xiaomi.com
disqus.com,108.160.172.1
cdnjs.com,172.67.66.177
www.ted.com,dualstack.d.sni.global.fastly.net
www.zoho.com,gsite.zohocdn.com
sputniknews.com,194.190.139.3
www.freepik.com,35.190.81.132
www.f-list.net,172.67.71.180
www.1800respect.org.au/languages,N/A
www.sbs.com.au/language/coronavirus?cid=infocu,N/A
write.as,31.13.95.37
www.gutenberg.org,gutenberg.org
letsencrypt.org,13.57.148.141
r3.o.lencr.org,a1887.dscq.akamai.net.
discord.com,154.85.102.30
zoom.us,170.114.52.2
www.tiktok.com,69.171.227.37
tamtam.chat,185.16.148.2
app.wire.com,31.13.95.17
wire.com,157.240.12.50
www.wechat.com,newcomm.wechat.com
telegram.org,128.242.245.180
t.me,149.154.167.99
tx.me,95.161.64.99
telegram.me,149.154.167.99
telegra.ph,108.160.170.45
www.spotify.com,edge-web.dual-gslb.spotify.com
www.globalpride2020.org,104.21.68.187
tanzil.net,209.95.51.187
quran.com/?local=e,N/A
trello.com,3.164.110.26
dns.adguard.com/dns-query?dns=q80BAAABAAAAAAAAA3d3dwdleGFtcGxlA2NvbQAAAQA,N/A
doh.opendns.com/dns-query?dns=q80BAAABAAAAAAAAA3d3dwdleGFtcGxlA2NvbQAAAQA,N/A
doh-fi.blahdns.com/dns-query?dns=q80BAAABAAAAAAAAA3d3dwdleGFtcGxlA2NvbQAAAQA,N/A
doh.centraleu.pi-dns.com/dns-query?dns=q80BAAABAAAAAAAAA3d3dwdleGFtcGxlA2NvbQAAAQA,N/A
private.canadianshield.cira.ca/dns-query?dns=q80BAAABAAAAAAAAA3d3dwdleGFtcGxlA2NvbQAAAQA,N/A
149.112.112.9/dns-query?dns=q80BAAABAAAAAAAAA3d3dwdleGFtcGxlA2NvbQAAAQA,N/A
doh.dns.sb/dns-query?dns=q80BAAABAAAAAAAAA3d3dwdleGFtcGxlA2NvbQAAAQA,N/A
mozilla.cloudflare-dns.com/dns-query?dns=q80BAAABAAAAAAAAA3d3dwdleGFtcGxlA2NvbQAAAQA,N/A
www.reuters.com,74.86.12.173
www.startmail.com,web.startmail.com
surfshark.com,31.13.82.33
safervpn.com,197.4.4.12
api.protonvpn.ch/tests/pin,N/A
www.pubg.com,d1lhu0uhfwf5au.cloudfront.net
8.8.8.8/dns-query?dns=q80BAAABAAAAAAAAA3d3dwdleGFtcGxlA2NvbQAAAQA,N/A
8.8.4.4/dns-query?dns=q80BAAABAAAAAAAAA3d3dwdleGFtcGxlA2NvbQAAAQA,N/A
1.1.1.3/dns-query?dns=q80BAAABAAAAAAAAA3d3dwdleGFtcGxlA2NvbQAAAQA,N/A
1.0.0.3/dns-query?dns=q80BAAABAAAAAAAAA3d3dwdleGFtcGxlA2NvbQAAAQA,N/A
family.cloudflare-dns.com/dns-query?dns=q80BAAABAAAAAAAAA3d3dwdleGFtcGxlA2NvbQAAAQA,N/A
i2p2.de,81.7.7.63
i2pforum.net,91.143.90.53
googleweblight.com/i?u=https%3A%2F%2Fexample.com%2,N/A
makeamazonpay.com,35.202.21.90
www.eventbrite.com,d3o36vj0gwxqjp.cloudfront.net
espivblogs.net,espivblogs.net
espiv.net,194.177.218.66
ajax.aspnetcdn.com/ajax/4.5.2/1/MicrosoftAjax.j,N/A
play.google.com/store,N/A
apps.apple.com/us/developer/apple/id284417353,N/A
lh3.ggpht.com/_mm3cDcdhxkc/SzkPLt_zDUI/AAAAAAAAAZM/UplZlTSCVQc/s800/DSC_5305.jp,N/A
lh4.ggpht.com/_PvLDsC2pRvk/ShwiscZujVI/AAAAAAAAFIQ/4q-TYiQ13-k/s512/DSC01330.jp,N/A
yt3.ggpht.com/a-/AOh14GhGCI1dxtHOY_TDQfmxDBK_S7CHTPJ3U6zOUw=s480-c-k-c0x00ffffff-no-rj-m,N/A
yt4.ggpht.com/a-/AOh14GhOiUxI-RcMC-Vfl2i15v3xewMr8bt2yNXTfw=s480-c-k-c0x00ffffff-no-rj-m,N/A
i.ytimg.com/vi/JBRf3nEqfZ8/hq720.jp,N/A
messagevortex.net,5.9.56.41
www.namecoin.org,91.219.237.223
libgen.rs,199.59.148.6
libgen.is,202.160.128.195
libgen.st,157.240.20.18
libgen.gs,108.160.167.156
libgen.lc,67.228.235.91
libgen.li,210.209.84.142
libgen.fun,75.126.150.210
libgen.me,157.240.10.32
www.libgen.tw,199.59.243.227
libgen.space,104.21.68.50
libgen.xyz,104.21.0.233
forum.mhut.org,mhut.org
libgen.life,162.244.82.95
upload.wikimedia.org/wikipedia/commons/thumb/3/37/Generic_Camera_Icon.svg/100px-Generic_Camera_Icon.svg.pn,N/A
www.joinclubhouse.com,31.13.91.33
nordvpn.com,199.59.148.7
securevpn.im,104.21.95.82
www.lightsailvpn.com,www.lightsailvpn.com
securevpn.com,199.96.62.17
speedify.com,199.96.63.75
hola.org,203.98.7.65
thunder.free-signal.com,104.244.46.85
www.f-secure.com/en/home/products/freedome,N/A
greenhost.net,213.108.104.135
i.pinimg.com/236x/78/6e/00/786e00eab219eca59803d118fbe0feb3.jp,N/A
s.pinimg.com/robots.tx,N/A
styles.redditmedia.com/robots.tx,N/A
preview.redd.it/robots.tx,N/A
www.redditstatic.com/robots.tx,N/A
qsbr.fs.quoracdn.net/-4-web.entry.js.out-34-8f7d03da0b7a24ae.webpac,N/A
qph.fs.quoracdn.net/main-thumb-1117688072-200-uijiqfjcmlvaxczdrlawbgyaomfocdnt.jpe,N/A
www.wikidata.org/wiki/Wikidata:Main_Pag,N/A
docs.github.com/e,N/A
api.github.com,20.205.243.168
github.githubassets.com/images/modules/open_graph/github-logo.pn,N/A
raw.githubusercontent.com/ooni/spec/master/README.m,N/A
gist.github.com/discove,N/A
ooni.github.io,185.199.110.153
git.io,208.43.237.140
codeload.github.com/github/rally/tar.gz/v1.0.,N/A
github.com/twbs/bootstrap/releases/download/v4.5.3/bootstrap-4.5.3-examples.zi,N/A
fedoramagazine.org,35.196.109.67
assets.gitlab-static.net/robots.tx,N/A
cdn.sstatic.net/Img/home/open-source.sv,N/A
i.instagram.com/robots.tx,N/A
scontent-ams4-1.cdninstagram.com/favicon.ic,N/A
static.xx.fbcdn.net/favicon.ic,N/A
edge-mqtt.facebook.com/favicon.ic,N/A
web.facebook.com/robots.tx,N/A
lookaside.facebook.com/robots.tx,N/A
edge-chat.instagram.com/robots.tx,N/A
static.cdninstagram.com/robots.tx,N/A
scontent-vie1-1.cdninstagram.com/favicon.ic,N/A
scontent-frt3-2.cdninstagram.com/favicon.ic,N/A
instagram.fsaw1-13.fna.fbcdn.net/favicon.ic,N/A
scontent.cdninstagram.com/robots.tx,N/A
video.cdninstagram.com/favicon.ic,N/A
cdn.fbsbx.com/favicon.ic,N/A
media0.giphy.com/robots.tx,N/A
media3.giphy.com/robots.tx,N/A
code.jquery.com,151.101.130.137
blog.mozilla.org,wp.wpenginepowered.com
download-installer.cdn.mozilla.net,34.117.35.28
dl.google.com/robots.tx,N/A
www.gstatic.com/robots.tx,N/A
webcache.googleusercontent.com/robots.tx,N/A
yandexwebcache.net/robots.tx,N/A
cc.bingj.com/cache.aspx?q=nothin,N/A
encrypted-tbn0.gstatic.com/robots.tx,N/A
im0-tub-com.yandex.net/i?id=462f375c96139f1e41d919b44be2d780&n=13&exp=,N/A
video-preview.s3.yandex.net/robots.tx,N/A
avatars.mds.yandex.net/robots.tx,N/A
th.bing.com/th/id/OIP.YnpdokcN_OQYn3n41AlqZAHaEe?w=250&h=180&c=7&o=5&pid=1.,N/A
tse1.explicit.bing.net/robots.tx,N/A
external-content.duckduckgo.com/robots.tx,N/A
miro.medium.com/robots.tx,N/A
cdn-client.medium.com/lite/static/js/manifest.ef5f44d2.j,N/A
www.clubhouseapi.com,108.160.166.57
clubhouse.pubnub.com,pubsub.pubnub.com
brave.com,199.16.156.40
search.brave.com,108.160.167.147
startpage.com,159.138.20.20
connectivitycheck.gstatic.com/generate_20,N/A
connectivitycheck.android.com/generate_20,N/A
connect.rom.miui.com/generate_20,N/A
clients3.google.com/generate_20,N/A
detectportal.firefox.com/success.tx,N/A
www.apple.com/library/test/success.htm,N/A
nmcheck.gnome.org/check_network_status.tx,N/A
networkcheck.kde.org,tyran.kde.org
start.ubuntu.com/connectivity-check.htm,N/A
ping.archlinux.org,redirect.archlinux.org
www.msftncsi.com/ncsi.tx,N/A
www.msftconnecttest.com/connecttest.tx,N/A
canna.to,46.148.26.194
nsw2u.com,104.21.88.34
newalbumreleases.net,104.31.16.10
www.qhtyzx.com,211.138.64.68
www.qhnews.com,211.138.64.68
www.xinjiang.gov.cn,220.171.42.239
www.mnr.gov.cn,www.mnr.gov.cn.wswebcdn.com
www.clubhouse.com,128.242.250.155
www.spiegel.de,69.30.25.21
hackerspaces.org,212.12.52.48
posteo.de,185.67.36.169
fridaysforfuture.org,75.126.124.162
www.auswaertiges-amt.de,46.243.125.96
www.rki.de,80.245.144.175
external.xx.fbcdn.net/robots.tx,N/A
fbcdn.net/robots.tx,N/A
scontent.xx.fbcdn.net/robots.tx,N/A
staticxx.facebook.com/robots.tx,N/A
ntc.party,130.255.77.28
slack.com,35.74.58.174
app.slack.com/robots.tx,N/A
a.slack-edge.com/f70ec/img/test_cdn_pixel.gi,N/A
slack-imgs.com,18.64.123.16
openobservatory.slack.com,52.196.128.139
earth.google.com/web,N/A
apis.google.com/robots.tx,N/A
clients5.google.com/robots.tx,N/A
kh.google.com/rt/earth/PlanetoidMetadat,N/A
maps.gstatic.com/tactile/basepage/grid-image.pn,N/A
khms1.google.com/kh/v=908?x=327&y=414&z=1,N/A
khms0.google.com/kh/v=908?x=81&y=103&z=,N/A
lens.google.com/uploadbyurl?url=https%3A%2F%2Fwww.google.com%2Fimages%2Fbranding%2Fgooglelogo%2F1x%2Fgooglelogo_color_150x54dp.png&hl=en-US&ep=gis,N/A
play-lh.googleusercontent.com/SZ7vNaa9txw_JsYsiOOP4_4fOaKfJVMQ-_aM10MW7x93IPDYoqdIkHSw-ffCgBABFSM=s256-r,N/A
play.googleapis.com/robots.tx,N/A
firebaseinstallations.googleapis.com/robots.tx,N/A
fcm.googleapis.com/$discovery/rest?version=v,N/A
android.googleapis.com/robots.tx,N/A
android.apis.google.com/robots.tx,N/A
notifications-pa.googleapis.com/robots.tx,N/A
lh3.googleusercontent.com/favicon.ic,N/A
www.googleapis.com/auth/cloud-platfor,N/A
www.knapsackforhope.org,54.68.171.176
o0.ingest.sentry.io/api/,N/A
sentry.io/api/0,N/A
matrix.to,172.67.129.62
matrix.org,157.240.1.9
element.io,104.22.48.198
app.element.io,104.22.49.198
mobile.element.io,104.22.49.198
matrix-client.matrix.org/_matrix/client/version,N/A
vector.im/_matrix/identity/api/v,N/A
www.icij.org,108.160.162.98
mask.icloud.com,mask.apple-dns.net
mask-h2.icloud.com,mask.apple-dns.net
mask-api.icloud.com,mask-api.fe2.apple-dns.net
disclose.ngo,84.16.72.183
remailer.paranoici.org,88.80.28.20
fleegle.mixmin.net,144.76.182.167
www.usatoday.com,domains.gannett.map.fastly.net
www.washingtonpost.com,104.244.46.85
vk.com,87.240.132.72
www.francemediasmonde.com,francemediasmonde.com
www.france24.com/ar,N/A
www.mc-doualiya.com,e14679.dsca.akamaiedge.net.
mega.io,157.240.12.5
mega.nz,118.193.202.219
www.facebook.com/RTNew,N/A
www.ideasbeyondborders.org,199.16.172.42
dailystormer.in,94.142.142.42
www.starlink.com,151.101.193.143
www.microsoft.com,www.microsoft.com-c-3.edgekey.net.globalredir.akadns.net.
teams.microsoft.com,tmc-g2.tm-4.office.com.
st1.zoom.us/zoom.ic,N/A
s.gr-assets.com/robots.tx,N/A
i.gr-assets.com/robots.tx,N/A
ria.ru,194.190.139.47
www.business-humanrights.org,108.160.166.253
www.gofundme.com,157.240.10.36
triller.co,3.164.143.100
valence.community,172.67.184.87
untappd.com,172.67.7.135
elpha.com,104.21.29.52
www.yubo.live,fp2c9a.wpc.nucdn.net.
delta.chat,37.218.242.41
mattermost.com,141.193.213.20
www.imqq.com,ins-hmcjdzeb.ias.tencent-cloud.net
www.douyin.com,www.douyin.com.w.kunluncan.com.
weibo.com,202.108.0.98
code.org,143.204.126.126
cdn.jsdelivr.net/favicon.ic,N/A
cdnjs.cloudflare.com,104.17.24.14
epicgames.com,54.80.255.124
www.origin.com,e4894.e12.akamaiedge.net.
getsession.org,157.240.3.50
www.dailywire.com,172.64.149.223
timcast.com,104.22.62.82
www.bitchute.com,108.160.169.174
ente.io,172.67.131.168
odysee.com,69.171.229.11
churchofgodinchristmennonite.net,192.124.249.18
f-droid.org,119.28.87.227
skiff.com,answer:
notesnook.com,104.21.27.148
standardnotes.com,172.67.6.224
status.im,162.220.12.226
cwtch.im,178.128.230.2
lbry.com,172.67.131.106
lbry.org,104.21.22.54
wearechange.org,104.26.3.128
filen.io,146.0.41.205
gettr.com,103.42.176.244
gab.com,122.10.85.4
alignpay.com,104.21.47.147
crypt.ee,crypt.ee
www.mojeek.com,5.102.173.68
www.paralleleconomy.com,172.67.221.123
reclaimthenet.org,172.67.68.4
locals.com,104.18.37.230
jami.net,144.217.29.51
mullvad.net,249.129.46.48
nostr.com,75.126.135.131
certbot.eff.org,eff.map.fastly.net
www.muckrock.com,www.muckrock.com.herokudns.com
www.projectveritas.com,cname.vercel-dns.com
atlasofsurveillance.org,151.101.128.201
presearch.com,18.138.154.136
presearch.org,3.165.11.50
archive.ph,128.242.240.212
ij.org,104.22.45.140
brothersroad.org,160.153.0.78
censored.tv,216.239.36.21
www.ewg.org,172.67.39.47
www.minds.com,104.18.40.51
www.proton.me,199.96.59.95
www.cato.org,157.240.10.36
onlyfans.com,162.159.140.146
www.subscribestar.com,172.67.74.16
www.epik.com,104.18.3.159
www.drugsdata.org,N/A
maps.org,199.16.173.48
ghost.org,50.18.142.31
matcha.xyz,157.240.2.14
uphold.com,104.17.2.193
getpocket.com,3.165.11.79
electrum.org,104.21.91.204
substack.com,104.31.142.88
www.wikidata.org,dyna.wikimedia.org
www.wikimedia.org,dyna.wikimedia.org
openverse.org,128.121.243.77
defcad.com,104.26.3.49
8kun.top,157.240.12.35
www.infowars.com,104.16.39.36
banthis.tv,104.21.76.209
put.io,143.204.126.55
www.kucoin.com,128.242.240.59
www.coinex.com,www.coinex.com
hodlhodl.com,172.67.70.181
localmonero.co,199.59.149.208
blockdx.co,104.248.169.216
wasabiwallet.io,172.67.188.28
bitcoin-mix.org,N/A
coinmarketcap.com,39.109.122.128
rebellion.global,116.202.82.37
sea-watch.org,135.181.131.152
www.coolearth.org,104.26.15.138
solar-aid.org,172.67.161.58
citizensclimatelobby.org,141.193.213.10
www.climaterealityproject.org,172.67.208.231
www.edf.org/fight-global-warmin,N/A
350.org,172.67.186.120
www.doctorswithoutborders.org,23.185.0.4
www.cleanwateraction.org,23.185.0.3
oceanconservancy.org,172.67.2.95
www.ran.org,wp.wpenginepowered.com
www.ucsusa.org,104.26.8.151
impactlab.org,impactlab.org
www.carbonbrief.org,172.67.189.41
earthobservatory.nasa.gov/global-map,N/A
www.footprintnetwork.org,footprintnetwork.org
www.carbonmap.org,13.227.62.106
data.worldbank.org/topic/environmen,N/A
www.privacytools.io,172.67.145.29
lokinet.org,23.88.6.250
www.privex.io,185.130.44.10
www.orangewebsite.com,82.221.131.223
www.givesendgo.com,172.67.26.89
cryptpad.fr,151.80.191.153
sandbox.cryptpad.info,151.80.191.153
chrome.google.com/webstore/category/extension,N/A
microsoftedge.microsoft.com/addons/Microsoft-Edge-Extensions-Hom,N/A
addons.opera.com/en/extensions,N/A
z-lib.org,128.242.245.93
rargb.to,172.67.213.35
yts.mx,162.125.2.3
yts.lt,104.31.16.120
eztv.re,104.31.16.120
eztv.ag,104.31.16.119
www.limetorrents.lol,202.160.128.40
limetorrents.pro,104.21.21.26
1337x.to,199.96.63.75
1337x.st,104.31.16.120
x1337x.eu,104.31.16.8
kickasstorrents.to,173.244.209.150
katcr.to,65.49.68.152
kat.am,172.67.207.142
totaljerkface.com,104.22.73.111
www.coolmathgames.com,104.18.36.160
www.roblox.com,edge-term4.roblox.com.
krunker.io,104.18.8.28
www.timeout.com,d7ul7sko65u1c.cloudfront.net
radiofreel.gitlab.io,35.185.44.232
radiofreel.github.io,185.199.109.153
www.currenttime.tv,e36975.dsca.akamaiedge.net.
www.undp.org,undp.edgesuite.net.
ddosecrets.com,104.26.3.199
khilafah.net,199.59.148.247
kolektiva.social,172.67.143.93
chat-gpt.org,104.244.46.17
www.westernunion.com,e6755.b.akamaiedge.net.
drive.google.com,108.160.169.186
www.ivpn.net,154.85.102.32
breached.vc,103.252.114.101
chat.openai.com,199.96.58.177
www.benarnews.org,199.59.150.12
sputnikglobe.com,194.190.139.3
rtr-planeta.com,80.247.32.209
www.ntv.ru,185.129.100.166
www.rtarabic.com,89.191.237.191
www.gazprombank.ru,82.202.190.94
vgtrk.ru,178.248.232.222
ren.tv,185.178.208.3
smotrim.ru,178.248.232.222
www.1tv.ru,1tv.ru
www.tvc.ru,178.248.233.127
www.vesti.ru,178.248.232.222
isa.gov.ly,192.124.249.8
files.pythonhosted.org,dualstack.python.map.fastly.net
meet.jit.si,104.18.21.227
www.njal.la,95.215.19.10
ipfs.io,103.226.246.99
dweb.link,202.160.128.203
cloudflare-ipfs.com,108.160.167.147
cf-ipfs.com,N/A
cid.contact,18.65.3.37
abortionpillinfo.org,199.58.81.252
womenhelp.org,199.58.81.252
www.abortoinfosegura.com,abortoinfosegura.com
abortion.eu,172.67.161.131
abortionfunds.org,108.157.142.87
abortionnetwork.amsterdam,5.255.90.177
www.plancpills.org,proxy-ssl-geo.webflow.com.
www.reprolegalhelpline.org,104.22.25.101
rumble.com,128.242.250.148
kremlin.ru,95.173.136.71
www.fsb.ru,213.24.76.23
ya.ru,5.255.255.242
dzen.ru,62.217.160.2
rutube.ru,108.160.172.1
www.vesti.ru,www.vesti.ru
fdroid.tetaneutral.net/fdroid/rep,N/A
ftp.fau.de/fdroid/rep,N/A
mirror.cyberbits.eu/fdroid/rep,N/A
plug-mirror.rcac.purdue.edu/fdroid/rep,N/A
mail.proton.me,128.242.245.212
account.proton.me,103.246.246.144
bard.google.com,142.250.217.78
cinemata.org,88.198.7.214
linktr.ee,168.143.171.93
x.com,104.244.42.65
codeberg.org,217.197.91.145
dn42.dev/Hom,N/A
openwrt.org,64.226.122.113
www.debian.org,130.89.148.77
ubuntu.com,185.125.190.21
yggdrasil-network.github.io,185.199.111.153
neilalexander.s3.dualstack.eu-west-2.amazonaws.com/deb/key.tx,N/A
i2pgit.org,68.183.196.133
i2pd.website,185.199.108.153
pulse.internetsociety.org,104.18.17.166
proxy.i2phides.me,i2phides.me
www.y2mate.com,185.60.219.41
intelligence.weforum.org,13.227.62.103
www.khanacademy.org,prod.khan.map.fastly.net
dartcenter.org,104.26.8.30
ourworldindata.org,172.67.73.95
www.openstreetmap.org,199.59.149.244
www.propublica.org,www.propublica.org.cdn.cloudflare.net
moodle.com,172.67.74.106
dl.acm.org,104.18.42.89
www.hyphanet.org,hyphanet.github.io
cdns.grindr.com,108.160.166.42
dnsleaktest.com,23.239.16.110
test-ipv6.com,172.233.82.65
www.internetsociety.org,104.18.17.166
www.privacidade.digital,privacidadedigital.github.io.
www.laquadrature.net,tau.lqdn.fr
www.chromium.org,199.36.158.100
arxiv.org,151.101.131.42
ssd.eff.org,eff.map.fastly.net
leap.se,198.252.153.82
www.babbel.com,3.164.143.123
www.videolan.org,213.36.253.2
obsproject.com,142.4.216.103
onionshare.org,178.128.10.165
dnsviz.net,64.191.0.138
moodle.org,104.22.65.81
we.riseup.net,69.171.227.37
prism-break.org,162.125.2.6
bsky.app,31.13.95.37
bughunters.google.com,appspot.l.google.com
toolbox.googleapps.com,216.239.32.27
www.jw.org,128.242.245.93
kick.com,172.64.147.227
dlive.tv,4.78.139.50
www.jabber.ru,jabber.ru
app.simplelogin.io,web.simplelogin.co
www.fsf.org,209.51.188.174
trisquel.info,94.23.83.146
uea.org,89.99.3.204
www.iaru.org,iaru.org
www.salvationarmy.org,mountaindew-web-15773624.us-east-1.elb.amazonaws.com.
use-application-dns.net,35.190.14.201
www.vpnunlimited.com,172.67.4.238
www.cyberghostvpn.com,118.5.49.6
hide.me,188.5.4.96
zenvpn.net,173.252.248.244
www.surfeasy.com,23.89.5.60
1.1.1.1,N/A
lantern.io,157.240.1.9
orbot.app,35.185.44.232
privatevpn.com,77.4.7.92
www.expressvpn.com,249.129.46.48
trustvpn.me,172.67.159.226
www.vpngate.net,173.255.213.90
www.globalgiving.org,answer:
s3.amazonaws.com/ooni-data/archives-raw/yaml_tar_vault.jso,N/A
soccerstreamshd.com,104.21.53.224
bestsolaris.com,104.21.235.89
archive.ubuntu.com,185.125.190.81
allthefallen.moe,198.251.83.219
controlplane.tailscale.com,52.28.255.255
login.tailscale.com,3.125.149.81
